{"aAcc": 92.21, "mIoU": 71.07, "mAcc": 77.42, "data_time": 0.7222504832527854, "time": 17.148981202732433}