{"aAcc": 87.38, "mIoU": 65.71, "mAcc": 83.11, "data_time": 0.5537672693079169, "time": 1.5106495727192273}